﻿<?xml version="1.0" encoding="utf-8"?>
<StructureDefinition xmlns="http://hl7.org/fhir">
  <id value="FHIR-STU3-AllergyIntolerance.generic.v0" />
  <meta>
    <lastUpdated value="2018-01-18T21:58:32.533+01:00" />
  </meta>
  <url value="https://tools.cambiocds.com/FHIR/StructureDefinition/AllergyIntolerance.generic.v0" />
  <name value="org.hl7.fhir.dstu3.model.AllergyIntolerance" />
  <status value="draft" />
  <date value="2017-12-14T08:33:22.183+01:00" />
  <fhirVersion value="3.0.1" />
  <kind value="resource" />
  <abstract value="false" />
  <type value="AllergyIntolerance" />
  <baseDefinition value="http://hl7.org/fhir/StructureDefinition/AllergyIntolerance" />
  <derivation value="constraint" />
  <differential>
    <element id="AllergyIntolerance.clinicalStatus">
      <path value="AllergyIntolerance.clinicalStatus" />
      <type>
        <code value="code" />
        <profile value="http://hl7.org/fhir/StructureDefinition/code" />
      </type>
      <fixedCode value="active | inactive | resolved" />
    </element>
    <element id="AllergyIntolerance.verificationStatus">
      <path value="AllergyIntolerance.verificationStatus" />
      <type>
        <code value="code" />
        <profile value="http://hl7.org/fhir/StructureDefinition/code" />
      </type>
      <fixedCode value="unconfirmed | confirmed | refuted | entered-in-error" />
    </element>
    <element id="AllergyIntolerance.category">
      <path value="AllergyIntolerance.category" />
      <type>
        <code value="code" />
        <profile value="http://hl7.org/fhir/StructureDefinition/code" />
      </type>
      <fixedCode value="food | medication | environment | biologic" />
    </element>
    <element id="AllergyIntolerance.criticality">
      <path value="AllergyIntolerance.criticality" />
      <type>
        <code value="code" />
        <profile value="http://hl7.org/fhir/StructureDefinition/code" />
      </type>
      <fixedCode value="low | high | unable-to-assess" />
    </element>
    <element id="AllergyIntolerance.code.coding">
      <path value="AllergyIntolerance.code.coding" />
      <type>
        <code value="Coding" />
        <profile value="http://hl7.org/fhir/StructureDefinition/Coding" />
      </type>
    </element>
    <element id="AllergyIntolerance.code.text">
      <extension url="http://hl7.org/fhir/StructureDefinition/elementdefinition-translatable">
        <valueBoolean value="true" />
      </extension>
      <path value="AllergyIntolerance.code.text" />
      <type>
        <code value="string" />
        <profile value="http://hl7.org/fhir/StructureDefinition/string" />
      </type>
    </element>
    <element id="AllergyIntolerance.assertedDate">
      <path value="AllergyIntolerance.assertedDate" />
      <type>
        <code value="dateTime" />
        <profile value="http://hl7.org/fhir/StructureDefinition/dateTime" />
      </type>
    </element>
  </differential>
</StructureDefinition>