<?xml version="1.0" encoding="utf-8"?>
<StructureDefinition xmlns="http://hl7.org/fhir">
  <id value="FHIR-STU3-MedicationRequest.generic.v0" />
  <meta>
    <lastUpdated value="2018-01-18T23:14:56.727+01:00" />
  </meta>
  <url value="https://tools.cambiocds.com/FHIR/StructureDefinition/FHIR-STU3-MedicationRequest.generic.v0" />
  <name value="org.hl7.fhir.dstu3.model.MedicationRequest" />
  <status value="draft" />
  <date value="2017-12-14T10:38:33.342+01:00" />
  <fhirVersion value="3.0.1" />
  <kind value="resource" />
  <abstract value="false" />
  <type value="MedicationRequest" />
  <baseDefinition value="http://hl7.org/fhir/StructureDefinition/MedicationRequest" />
  <derivation value="constraint" />
  <differential>
    <element id="MedicationRequest.status">
      <path value="MedicationRequest.status" />
      <type>
        <code value="code" />
        <profile value="http://hl7.org/fhir/StructureDefinition/code" />
      </type>
      <fixedCode value="active | on-hold | cancelled | completed | entered-in-error | stopped | draft | unknown" />
    </element>
    <element id="MedicationRequest.intent">
      <path value="MedicationRequest.intent" />
      <type>
        <code value="code" />
        <profile value="http://hl7.org/fhir/StructureDefinition/code" />
      </type>
      <fixedCode value="proposal | plan | order | instance-order" />
    </element>
    <element id="MedicationRequest.medication[x]:medicationCodeableConcept">
      <path value="MedicationRequest.medicationCodeableConcept" />
      <sliceName value="medicationCodeableConcept" />
      <type>
        <code value="CodeableConcept" />
      </type>
    </element>
    <element id="MedicationRequest.medication[x]:medicationCodeableConcept.coding">
      <path value="MedicationRequest.medicationCodeableConcept.coding" />
      <type>
        <code value="Coding" />
        <profile value="http://hl7.org/fhir/StructureDefinition/Coding" />
      </type>
    </element>
    <element id="MedicationRequest.authoredOn">
      <path value="MedicationRequest.authoredOn" />
      <type>
        <code value="dateTime" />
        <profile value="http://hl7.org/fhir/StructureDefinition/dateTime" />
      </type>
    </element>
    <element id="MedicationRequest.dosageInstruction.text">
      <path value="MedicationRequest.dosageInstruction.text" />
      <type>
        <code value="string" />
        <profile value="http://hl7.org/fhir/StructureDefinition/string" />
      </type>
    </element>
    <element id="MedicationRequest.dosageInstruction.timing.repeat.bounds[x]:boundsPeriod">
      <path value="MedicationRequest.dosageInstruction.timing.repeat.boundsPeriod" />
      <sliceName value="boundsPeriod" />
      <type>
        <code value="Period" />
      </type>
    </element>
    <element id="MedicationRequest.dosageInstruction.timing.repeat.bounds[x]:boundsPeriod.start">
      <path value="MedicationRequest.dosageInstruction.timing.repeat.boundsPeriod.start" />
      <type>
        <code value="dateTime" />
        <profile value="http://hl7.org/fhir/StructureDefinition/dateTime" />
      </type>
    </element>
    <element id="MedicationRequest.dosageInstruction.timing.repeat.bounds[x]:boundsPeriod.end">
      <path value="MedicationRequest.dosageInstruction.timing.repeat.boundsPeriod.end" />
      <type>
        <code value="dateTime" />
        <profile value="http://hl7.org/fhir/StructureDefinition/dateTime" />
      </type>
    </element>
    <element id="MedicationRequest.dosageInstruction.timing.repeat.frequency">
      <path value="MedicationRequest.dosageInstruction.timing.repeat.frequency" />
      <type>
        <code value="integer" />
        <profile value="http://hl7.org/fhir/StructureDefinition/integer" />
      </type>
    </element>
    <element id="MedicationRequest.dosageInstruction.timing.repeat.period">
      <path value="MedicationRequest.dosageInstruction.timing.repeat.period" />
      <type>
        <code value="decimal" />
        <profile value="http://hl7.org/fhir/StructureDefinition/decimal" />
      </type>
    </element>
    <element id="MedicationRequest.dosageInstruction.timing.repeat.periodUnit">
      <path value="MedicationRequest.dosageInstruction.timing.repeat.periodUnit" />
      <type>
        <code value="code" />
        <profile value="http://hl7.org/fhir/StructureDefinition/code" />
      </type>
      <fixedCode value="s | min | h | d | wk | mo | a" />
    </element>
    <element id="MedicationRequest.dosageInstruction.timing.repeat.when">
      <path value="MedicationRequest.dosageInstruction.timing.repeat.when" />
      <type>
        <code value="code" />
        <profile value="http://hl7.org/fhir/StructureDefinition/code" />
      </type>
      <fixedCode value="HS | WAKE | C | CM | CD | CV | AC | ACM | ACD | ACV | PC | PCM | PCD | PCV" />
    </element>
    <element id="MedicationRequest.dosageInstruction.timing.code.coding">
      <path value="MedicationRequest.dosageInstruction.timing.code.coding" />
      <type>
        <code value="Coding" />
        <profile value="http://hl7.org/fhir/StructureDefinition/Coding" />
      </type>
    </element>
    <element id="MedicationRequest.dosageInstruction.timing.code.text">
      <extension url="http://hl7.org/fhir/StructureDefinition/elementdefinition-translatable">
        <valueBoolean value="true" />
      </extension>
      <path value="MedicationRequest.dosageInstruction.timing.code.text" />
      <type>
        <code value="string" />
        <profile value="http://hl7.org/fhir/StructureDefinition/string" />
      </type>
    </element>
    <element id="MedicationRequest.dosageInstruction.route.coding">
      <path value="MedicationRequest.dosageInstruction.route.coding" />
      <type>
        <code value="Coding" />
        <profile value="http://hl7.org/fhir/StructureDefinition/Coding" />
      </type>
    </element>
    <element id="MedicationRequest.dosageInstruction.route.text">
      <extension url="http://hl7.org/fhir/StructureDefinition/elementdefinition-translatable">
        <valueBoolean value="true" />
      </extension>
      <path value="MedicationRequest.dosageInstruction.route.text" />
      <type>
        <code value="string" />
        <profile value="http://hl7.org/fhir/StructureDefinition/string" />
      </type>
    </element>
    <element id="MedicationRequest.dosageInstruction.doseQuantity:doseQuantity">
      <path value="MedicationRequest.dosageInstruction.doseQuantity" />
      <sliceName value="doseQuantity" />
      <type>
        <code value="Quantity" />
        <profile value="http://hl7.org/fhir/StructureDefinition/SimpleQuantity" />
      </type>
    </element>
    <element id="MedicationRequest.dosageInstruction.doseQuantity:doseQuantity.unit">
      <extension url="http://hl7.org/fhir/StructureDefinition/elementdefinition-translatable">
        <valueBoolean value="true" />
      </extension>
      <path value="MedicationRequest.dosageInstruction.doseQuantity.unit" />
      <code>
        <system value="http://unitsofmeasure.org" />
        <code value="mcg | mg | g" />
        <display value="mcg | mg | g" />
      </code>
      <type>
        <code value="string" />
        <profile value="http://hl7.org/fhir/StructureDefinition/string" />
      </type>
      <fixedString value="2" />
    </element>
  </differential>
</StructureDefinition>