﻿<?xml version="1.0" encoding="utf-8"?>
<StructureDefinition xmlns="http://hl7.org/fhir">
  <id value="FHIR-STU3-Procedure.generic.v0" />
  <meta>
    <lastUpdated value="2018-02-28T10:26:42.088+01:00" />
  </meta>
  <url value="https://tools.cambiocds.com/FHIR/StructureDefinition/FHIR-STU3-Procedure.generic.v0" />
  <name value="org.hl7.fhir.dstu3.model.Procedure" />
  <status value="draft" />
  <date value="2018-02-27T15:32:49.032+01:00" />
  <fhirVersion value="3.0.1" />
  <kind value="resource" />
  <abstract value="false" />
  <type value="Procedure" />
  <baseDefinition value="http://hl7.org/fhir/StructureDefinition/Procedure" />
  <derivation value="constraint" />
  <differential>
    <element id="Procedure.status">
      <path value="Procedure.status" />
      <type>
        <code value="code" />
        <profile value="http://hl7.org/fhir/StructureDefinition/code" />
      </type>
      <fixedCode value="preparation | in-progress | suspended | aborted | completed | entered-in-error | unknown" />
    </element>
    <element id="Procedure.category.coding">
      <path value="Procedure.category.coding" />
      <type>
        <code value="Coding" />
        <profile value="http://hl7.org/fhir/StructureDefinition/Coding" />
      </type>
    </element>
    <element id="Procedure.code.coding">
      <path value="Procedure.code.coding" />
      <type>
        <code value="Coding" />
        <profile value="http://hl7.org/fhir/StructureDefinition/Coding" />
      </type>
    </element>
    <element id="Procedure.code.text">
      <extension url="http://hl7.org/fhir/StructureDefinition/elementdefinition-translatable">
        <valueBoolean value="true" />
      </extension>
      <path value="Procedure.code.text" />
      <type>
        <code value="string" />
        <profile value="http://hl7.org/fhir/StructureDefinition/string" />
      </type>
    </element>
    <element id="Procedure.performed[x]:performedDateTime">
      <path value="Procedure.performedDateTime" />
      <sliceName value="performedDateTime" />
      <type>
        <code value="dateTime" />
        <profile value="http://hl7.org/fhir/StructureDefinition/dateTime" />
      </type>
    </element>
    <element id="Procedure.note.text">
      <path value="Procedure.note.text" />
      <type>
        <code value="string" />
        <profile value="http://hl7.org/fhir/StructureDefinition/string" />
      </type>
    </element>
  </differential>
</StructureDefinition>