﻿<?xml version="1.0" encoding="utf-8"?>
<StructureDefinition xmlns="http://hl7.org/fhir">
  <id value="FHIR-STU3-Observation.bgm_placeholder.v0" />
  <url value="https://tools.cambiocds.com/FHIR/StructureDefinition/FHIR-STU3-Observation.bgm_placeholder.v0" />
  <name value="org.hl7.fhir.dstu3.model.Observation" />
  <status value="draft" />
  <date value="2018-05-05T17:25:38.685+02:00" />
  <fhirVersion value="3.0.1" />
  <kind value="resource" />
  <abstract value="false" />
  <type value="Observation" />
  <baseDefinition value="http://hl7.org/fhir/StructureDefinition/Observation" />
  <derivation value="constraint" />
  <differential>
    <element id="Observation.status">
      <extension url="http://hl7.org/fhir/StructureDefinition/structuredefinition-display-hint">
        <valueString value="default: final" />
      </extension>
      <path value="Observation.status" />
      <type>
        <code value="code" />
        <profile value="http://hl7.org/fhir/StructureDefinition/code" />
      </type>
      <fixedCode value="registered | preliminary | final | amended | corrected | cancelled | entered-in-error | unknown" />
    </element>
    <element id="Observation.code.coding">
      <path value="Observation.code.coding" />
      <type>
        <code value="Coding" />
        <profile value="http://hl7.org/fhir/StructureDefinition/Coding" />
      </type>
    </element>
    <element id="Observation.code.coding.code">
      <path value="Observation.code.coding.code" />
      <code>
        <system value="LOINC" />
        <code value="55454-3" />
      </code>
      <type>
        <code value="code" />
        <profile value="http://hl7.org/fhir/StructureDefinition/code" />
      </type>
    </element>
    <element id="Observation.code.text">
      <extension url="http://hl7.org/fhir/StructureDefinition/elementdefinition-translatable">
        <valueBoolean value="true" />
      </extension>
      <path value="Observation.code.text" />
      <type>
        <code value="string" />
        <profile value="http://hl7.org/fhir/StructureDefinition/string" />
      </type>
    </element>
    <element id="Observation.effective[x]:effectiveDateTime">
      <path value="Observation.effectiveDateTime" />
      <sliceName value="effectiveDateTime" />
      <type>
        <code value="dateTime" />
        <profile value="http://hl7.org/fhir/StructureDefinition/dateTime" />
      </type>
    </element>
    <element id="Observation.comment">
      <path value="Observation.comment" />
      <type>
        <code value="string" />
        <profile value="http://hl7.org/fhir/StructureDefinition/string" />
      </type>
    </element>
    <element id="Observation.method.coding">
      <path value="Observation.method.coding" />
      <type>
        <code value="Coding" />
        <profile value="http://hl7.org/fhir/StructureDefinition/Coding" />
      </type>
    </element>
    <element id="Observation.method.text">
      <extension url="http://hl7.org/fhir/StructureDefinition/elementdefinition-translatable">
        <valueBoolean value="true" />
      </extension>
      <path value="Observation.method.text" />
      <type>
        <code value="string" />
        <profile value="http://hl7.org/fhir/StructureDefinition/string" />
      </type>
    </element>
    <element id="Observation.component">
      <path value="Observation.component" />
      <slicing>
        <discriminator>
          <type value="value" />
          <path value="code.coding.code" />
        </discriminator>
        <rules value="open" />
      </slicing>
    </element>
    <element id="Observation.component:hba1cTargetComparison">
      <path value="Observation.component" />
      <sliceName value="hba1cTargetComparison" />
    </element>
    <element id="Observation.component:hba1cTargetComparison.code.coding">
      <path value="Observation.component.code.coding" />
      <type>
        <code value="Coding" />
        <profile value="http://hl7.org/fhir/StructureDefinition/Coding" />
      </type>
      <fixedCoding>
        <system value="LOINC" />
        <code value="000000-4" />
        <display value="Check HbA1c&gt;HbA1C Target" />
      </fixedCoding>
    </element>
    <element id="Observation.component:hba1cTargetComparison.value[x]:valueCode">
      <path value="Observation.component.valueCode" />
      <sliceName value="valueCode" />
      <type>
        <code value="code" />
        <profile value="http://hl7.org/fhir/StructureDefinition/code" />
      </type>
      <fixedCode value="False | True" />
    </element>
    <element id="Observation.component:hba1cOrWeightReduction">
      <path value="Observation.component" />
      <sliceName value="hba1cOrWeightReduction" />
    </element>
    <element id="Observation.component:hba1cOrWeightReduction.code.coding">
      <path value="Observation.component.code.coding" />
      <type>
        <code value="Coding" />
        <profile value="http://hl7.org/fhir/StructureDefinition/Coding" />
      </type>
      <fixedCoding>
        <system value="LOINC" />
        <code value="000000-5" />
        <display value="If there is a reduction of &gt;=11mmol/mol and/or a weight reduction of &gt;=3% in 6 months" />
      </fixedCoding>
    </element>
    <element id="Observation.component:hba1cOrWeightReduction.value[x]:valueCode">
      <path value="Observation.component.valueCode" />
      <sliceName value="valueCode" />
      <type>
        <code value="code" />
        <profile value="http://hl7.org/fhir/StructureDefinition/code" />
      </type>
      <fixedCode value="False | True" />
    </element>
    <element id="Observation.component:suddenWeightLoss">
      <path value="Observation.component" />
      <sliceName value="suddenWeightLoss" />
    </element>
    <element id="Observation.component:suddenWeightLoss.code.coding">
      <path value="Observation.component.code.coding" />
      <type>
        <code value="Coding" />
        <profile value="http://hl7.org/fhir/StructureDefinition/Coding" />
      </type>
      <fixedCoding>
        <system value="LOINC" />
        <code value="000000-6" />
        <display value="Triple Medication" />
      </fixedCoding>
    </element>
    <element id="Observation.component:suddenWeightLoss.value[x]:valueCode">
      <path value="Observation.component.valueCode" />
      <sliceName value="valueCode" />
      <type>
        <code value="code" />
        <profile value="http://hl7.org/fhir/StructureDefinition/code" />
      </type>
      <fixedCode value="False | True" />
    </element>
  </differential>
</StructureDefinition>