<?xml version="1.0" encoding="utf-8"?>
<StructureDefinition xmlns="http://hl7.org/fhir">
  <id value="FHIR-STU3-Appointment.generic.v0" />
  <meta>
    <lastUpdated value="2018-01-18T21:56:13.687+01:00" />
  </meta>
  <url value="https://tools.cambiocds.com/FHIR/StructureDefinition/FHIR-STU3-Appointment.generic.v0" />
  <name value="org.hl7.fhir.dstu3.model.Appointment" />
  <status value="draft" />
  <date value="2017-12-22T21:02:27.146+01:00" />
  <fhirVersion value="3.0.1" />
  <kind value="resource" />
  <abstract value="false" />
  <type value="Appointment" />
  <baseDefinition value="http://hl7.org/fhir/StructureDefinition/Appointment" />
  <derivation value="constraint" />
  <differential>
    <element id="Appointment.status">
      <path value="Appointment.status" />
      <type>
        <code value="code" />
        <profile value="http://hl7.org/fhir/StructureDefinition/code" />
      </type>
      <fixedCode value="proposed | pending | booked | arrived | fulfilled | cancelled | noshow | entered-in-error" />
    </element>
    <element id="Appointment.specialty.coding">
      <path value="Appointment.specialty.coding" />
      <type>
        <code value="Coding" />
        <profile value="http://hl7.org/fhir/StructureDefinition/Coding" />
      </type>
    </element>
    <element id="Appointment.specialty.text">
      <extension url="http://hl7.org/fhir/StructureDefinition/elementdefinition-translatable">
        <valueBoolean value="true" />
      </extension>
      <path value="Appointment.specialty.text" />
      <type>
        <code value="string" />
        <profile value="http://hl7.org/fhir/StructureDefinition/string" />
      </type>
    </element>
    <element id="Appointment.appointmentType.coding">
      <path value="Appointment.appointmentType.coding" />
      <type>
        <code value="Coding" />
        <profile value="http://hl7.org/fhir/StructureDefinition/Coding" />
      </type>
    </element>
    <element id="Appointment.appointmentType.text">
      <extension url="http://hl7.org/fhir/StructureDefinition/elementdefinition-translatable">
        <valueBoolean value="true" />
      </extension>
      <path value="Appointment.appointmentType.text" />
      <type>
        <code value="string" />
        <profile value="http://hl7.org/fhir/StructureDefinition/string" />
      </type>
    </element>
    <element id="Appointment.description">
      <path value="Appointment.description" />
      <type>
        <code value="string" />
        <profile value="http://hl7.org/fhir/StructureDefinition/string" />
      </type>
    </element>
    <element id="Appointment.start">
      <path value="Appointment.start" />
      <type>
        <code value="instant" />
        <profile value="http://hl7.org/fhir/StructureDefinition/instant" />
      </type>
    </element>
  </differential>
</StructureDefinition>