﻿<?xml version="1.0" encoding="utf-8"?>
<StructureDefinition xmlns="http://hl7.org/fhir">
  <id value="FHIR-STU3-Immunization.generic.v0" />
  <url value="https://tools.cambiocds.com/FHIR/StructureDefinition/FHIR-STU3-Immunization.generic.v0" />
  <name value="org.hl7.fhir.dstu3.model.Immunization" />
  <status value="draft" />
  <fhirVersion value="3.0.1" />
  <kind value="resource" />
  <abstract value="false" />
  <type value="Immunization" />
  <baseDefinition value="http://hl7.org/fhir/StructureDefinition/Immunization" />
  <derivation value="constraint" />
  <differential>
    <element id="Immunization.status">
      <path value="Immunization.status" />
      <type>
        <code value="code" />
        <profile value="http://hl7.org/fhir/StructureDefinition/code" />
      </type>
      <fixedCode value="completed | entered-in-error" />
    </element>
    <element id="Immunization.vaccineCode.coding">
      <path value="Immunization.vaccineCode.coding" />
      <type>
        <code value="Coding" />
        <profile value="http://hl7.org/fhir/StructureDefinition/Coding" />
      </type>
    </element>
    <element id="Immunization.vaccineCode.text">
      <extension url="http://hl7.org/fhir/StructureDefinition/elementdefinition-translatable">
        <valueBoolean value="true" />
      </extension>
      <path value="Immunization.vaccineCode.text" />
      <type>
        <code value="string" />
        <profile value="http://hl7.org/fhir/StructureDefinition/string" />
      </type>
    </element>
    <element id="Immunization.date">
      <path value="Immunization.date" />
      <type>
        <code value="dateTime" />
        <profile value="http://hl7.org/fhir/StructureDefinition/dateTime" />
      </type>
    </element>
  </differential>
</StructureDefinition>