﻿<?xml version="1.0" encoding="utf-8"?>
<StructureDefinition xmlns="http://hl7.org/fhir">
  <id value="FHIR-STU3-Observation.body_weight.v0" />
  <meta>
    <lastUpdated value="2018-02-27T10:23:27.828+01:00" />
  </meta>
  <url value="https://gitlab.cambiocds.com/POC/fhir-resource-profiles/blob/master/profiles/FHIR-STU3-Observation.body_weight.v0.xml" />
  <name value="org.hl7.fhir.dstu3.model.Observation" />
  <status value="draft" />
  <date value="2017-12-13T11:38:28.61+01:00" />
  <fhirVersion value="3.0.1" />
  <kind value="resource" />
  <abstract value="false" />
  <type value="Observation" />
  <baseDefinition value="http://hl7.org/fhir/StructureDefinition/Observation" />
  <derivation value="constraint" />
  <differential>
    <element id="Observation.status">
      <extension url="http://hl7.org/fhir/StructureDefinition/structuredefinition-display-hint">
        <valueString value="default: final" />
      </extension>
      <path value="Observation.status" />
      <type>
        <code value="code" />
        <profile value="http://hl7.org/fhir/StructureDefinition/code" />
      </type>
      <fixedCode value="registered | preliminary | final | amended | corrected | cancelled | entered-in-error | unknown" />
    </element>
    <element id="Observation.code.coding">
      <path value="Observation.code.coding" />
      <type>
        <code value="Coding" />
        <profile value="http://hl7.org/fhir/StructureDefinition/Coding" />
      </type>
    </element>
    <element id="Observation.code.text">
      <extension url="http://hl7.org/fhir/StructureDefinition/elementdefinition-translatable">
        <valueBoolean value="true" />
      </extension>
      <path value="Observation.code.text" />
      <type>
        <code value="string" />
        <profile value="http://hl7.org/fhir/StructureDefinition/string" />
      </type>
    </element>
    <element id="Observation.effective[x]:effectiveDateTime">
      <path value="Observation.effectiveDateTime" />
      <sliceName value="effectiveDateTime" />
      <type>
        <code value="dateTime" />
        <profile value="http://hl7.org/fhir/StructureDefinition/dateTime" />
      </type>
    </element>
    <element id="Observation.value[x]:valueQuantity">
      <path value="Observation.valueQuantity" />
      <sliceName value="valueQuantity" />
      <type>
        <code value="Quantity" />
        <profile value="http://hl7.org/fhir/StructureDefinition/Quantity" />
      </type>
    </element>
    <element id="Observation.value[x]:valueQuantity.unit">
      <extension url="http://hl7.org/fhir/StructureDefinition/elementdefinition-translatable">
        <valueBoolean value="true" />
      </extension>
      <path value="Observation.valueQuantity.unit" />
      <code>
        <system value="http://unitsofmeasure.org" />
        <code value="kg | g | lb" />
        <display value="kg | g | lb" />
      </code>
      <type>
        <code value="string" />
        <profile value="http://hl7.org/fhir/StructureDefinition/string" />
      </type>
      <fixedString value="0" />
    </element>
    <element id="Observation.comment">
      <path value="Observation.comment" />
      <type>
        <code value="string" />
        <profile value="http://hl7.org/fhir/StructureDefinition/string" />
      </type>
    </element>
  </differential>
</StructureDefinition>