﻿<?xml version="1.0" encoding="utf-8"?>
<StructureDefinition xmlns="http://hl7.org/fhir">
  <id value="FHIR-STU3-Observation.ckd-BP-variable.v0" />
  <url value="https://tools.cambiocds.com/FHIR/StructureDefinition/FHIR-STU3-Observation.ckd-BP-variable.v0" />
  <name value="org.hl7.fhir.dstu3.model.Observation" />
  <status value="draft" />
  <date value="2018-09-02T17:25:38.685+02:00" />
  <fhirVersion value="3.0.1" />
  <kind value="resource" />
  <abstract value="false" />
  <type value="Observation" />
  <baseDefinition value="http://hl7.org/fhir/StructureDefinition/Observation" />
  <derivation value="constraint" />
  <differential>
    <element id="Observation.status">
      <extension url="http://hl7.org/fhir/StructureDefinition/structuredefinition-display-hint">
        <valueString value="default: final" />
      </extension>
      <path value="Observation.status" />
      <type>
        <code value="code" />
        <profile value="http://hl7.org/fhir/StructureDefinition/code" />
      </type>
      <fixedCode value="registered | preliminary | final | amended | corrected | cancelled | entered-in-error | unknown" />
    </element>
    <element id="Observation.code.coding">
      <path value="Observation.code.coding" />
      <type>
        <code value="Coding" />
        <profile value="http://hl7.org/fhir/StructureDefinition/Coding" />
      </type>
    </element>
    <element id="Observation.code.text">
      <extension url="http://hl7.org/fhir/StructureDefinition/elementdefinition-translatable">
        <valueBoolean value="true" />
      </extension>
      <path value="Observation.code.text" />
      <type>
        <code value="string" />
        <profile value="http://hl7.org/fhir/StructureDefinition/string" />
      </type>
    </element>
    <element id="Observation.effective[x]:effectiveDateTime">
      <path value="Observation.effectiveDateTime" />
      <sliceName value="effectiveDateTime" />
      <type>
        <code value="dateTime" />
        <profile value="http://hl7.org/fhir/StructureDefinition/dateTime" />
      </type>
    </element>
    <element id="Observation.comment">
      <path value="Observation.comment" />
      <type>
        <code value="string" />
        <profile value="http://hl7.org/fhir/StructureDefinition/string" />
      </type>
    </element>
    <element id="Observation.method.coding">
      <path value="Observation.method.coding" />
      <type>
        <code value="Coding" />
        <profile value="http://hl7.org/fhir/StructureDefinition/Coding" />
      </type>
    </element>
    <element id="Observation.method.text">
      <extension url="http://hl7.org/fhir/StructureDefinition/elementdefinition-translatable">
        <valueBoolean value="true" />
      </extension>
      <path value="Observation.method.text" />
      <type>
        <code value="string" />
        <profile value="http://hl7.org/fhir/StructureDefinition/string" />
      </type>
    </element>
    <element id="Observation.component">
      <path value="Observation.component" />
      <slicing>
        <discriminator>
          <type value="value" />
          <path value="code.coding.code" />
        </discriminator>
        <rules value="open" />
      </slicing>
    </element>
    <element id="Observation.component:Variable1">
      <path value="Observation.component" />
      <sliceName value="Variable1" />
    </element>
    <element id="Observation.component:Variable1.code.coding">
      <path value="Observation.component.code.coding" />
      <type>
        <code value="Coding" />
        <profile value="http://hl7.org/fhir/StructureDefinition/Coding" />
      </type>
      <fixedCoding>
        <system value="LOINC" />
        <code value="000000-1" />
        <display value="Single Medication" />
      </fixedCoding>
    </element>
    <element id="Observation.component:Variable1.value[x]:valueCode">
      <path value="Observation.component.valueCode" />
      <sliceName value="valueCode" />
      <type>
        <code value="code" />
        <profile value="http://hl7.org/fhir/StructureDefinition/code" />
      </type>
      <fixedCode value="False | True" />
    </element>
    <element id="Observation.component:Variable2">
      <path value="Observation.component" />
      <sliceName value="Variable2" />
    </element>
    <element id="Observation.component:Variable2.code.coding">
      <path value="Observation.component.code.coding" />
      <type>
        <code value="Coding" />
        <profile value="http://hl7.org/fhir/StructureDefinition/Coding" />
      </type>
      <fixedCoding>
        <system value="LOINC" />
        <code value="000000-2" />
        <display value="Double Medication" />
      </fixedCoding>
    </element>
    <element id="Observation.component:Variable2.value[x]:valueCode">
      <path value="Observation.component.valueCode" />
      <sliceName value="valueCode" />
      <type>
        <code value="code" />
        <profile value="http://hl7.org/fhir/StructureDefinition/code" />
      </type>
      <fixedCode value="False | True" />
    </element>
    <element id="Observation.component:Variable3">
      <path value="Observation.component" />
      <sliceName value="Variable3" />
    </element>
    <element id="Observation.component:Variable3.code.coding">
      <path value="Observation.component.code.coding" />
      <type>
        <code value="Coding" />
        <profile value="http://hl7.org/fhir/StructureDefinition/Coding" />
      </type>
      <fixedCoding>
        <system value="LOINC" />
        <code value="000000-3" />
        <display value="Triple Medication" />
      </fixedCoding>
    </element>
    <element id="Observation.component:Variable3.value[x]:valueCode">
      <path value="Observation.component.valueCode" />
      <sliceName value="valueCode" />
      <type>
        <code value="code" />
        <profile value="http://hl7.org/fhir/StructureDefinition/code" />
      </type>
      <fixedCode value="False | True" />
    </element>
    <element id="Observation.component:sliceComponent">
      <path value="Observation.component" />
      <sliceName value="sliceComponent" />
    </element>
    <element id="Observation.component:sliceComponent.code">
      <path value="Observation.component.code" />
      <fixedCodeableConcept>
        <text value="SBPTarget" />
      </fixedCodeableConcept>
    </element>
    <element id="Observation.component:sliceComponent.code.coding">
      <path value="Observation.component.code.coding" />
      <type>
        <code value="Coding" />
        <profile value="http://hl7.org/fhir/StructureDefinition/Coding" />
      </type>
    </element>
    <element id="Observation.component:sliceComponent.value[x]:valueQuantity">
      <path value="Observation.component.valueQuantity" />
      <sliceName value="valueQuantity" />
      <type>
        <code value="Quantity" />
      </type>
    </element>
    <element id="Observation.component:sliceComponent2">
      <path value="Observation.component" />
      <sliceName value="sliceComponent2" />
    </element>
    <element id="Observation.component:sliceComponent2.code">
      <path value="Observation.component.code" />
      <fixedCodeableConcept>
        <text value="DBPTarget" />
      </fixedCodeableConcept>
    </element>
    <element id="Observation.component:sliceComponent2.code.coding">
      <path value="Observation.component.code.coding" />
      <type>
        <code value="Coding" />
        <profile value="http://hl7.org/fhir/StructureDefinition/Coding" />
      </type>
    </element>
    <element id="Observation.component:sliceComponent2.value[x]:valueQuantity">
      <path value="Observation.component.valueQuantity" />
      <sliceName value="valueQuantity" />
      <type>
        <code value="Quantity" />
      </type>
    </element>
  </differential>
</StructureDefinition>