﻿<?xml version="1.0" encoding="utf-8"?>
<StructureDefinition xmlns="http://hl7.org/fhir">
  <id value="FHIR-STU3-Patient.basic_demographic.v0" />
  <meta>
    <lastUpdated value="2018-02-28T10:25:16.832+01:00" />
  </meta>
  <url value="https://tools.cambiocds.com/FHIR/StructureDefinition/FHIR-STU3-Patient.basic_demographic.v0" />
  <name value="org.hl7.fhir.dstu3.model.Patient" />
  <status value="draft" />
  <date value="2017-12-13T12:21:14.439+01:00" />
  <fhirVersion value="3.0.1" />
  <kind value="resource" />
  <abstract value="false" />
  <type value="Patient" />
  <baseDefinition value="http://hl7.org/fhir/StructureDefinition/Patient" />
  <derivation value="constraint" />
  <differential>
    <element id="Patient.extension">
      <path value="Patient.extension" />
      <slicing>
        <discriminator>
          <type value="value" />
          <path value="url" />
        </discriminator>
        <rules value="open" />
      </slicing>
    </element>
    <element id="Patient.extension:calculatedAge">
      <path value="Patient.extension" />
      <sliceName value="calculatedAge" />
      <short value="Optional Extensions Element" />
      <definition value="Optional Extension Element - found in all resources." />
      <max value="1" />
      <type>
        <code value="Extension" />
        <profile value="https://gitlab.cambiocds.com/POC/fhir-resource-profiles/tree/master/extensions/extension-Patient-calculatedAge-quantity-value.xml" />
      </type>
    </element>
    <element id="Patient.extension:calculatedAge.url">
      <path value="Patient.extension.url" />
      <fixedUri value="https://gitlab.cambiocds.com/POC/fhir-resource-profiles/tree/master/extensions/extension-Patient-calculatedAge-quantity-value.xml" />
    </element>
    <element id="Patient.extension:calculatedAge.valueQuantity]:valueQuantity">
      <path value="Patient.extension.valueQuantity" />
      <sliceName value="valueQuantity" />
      <type>
        <code value="Quantity" />
        <profile value="http://hl7.org/fhir/StructureDefinition/Quantity" />
      </type>
    </element>
    <element id="Patient.extension:calculatedAge.valueQuantity:valueQuantity.unit">
      <extension url="http://hl7.org/fhir/StructureDefinition/elementdefinition-translatable">
        <valueBoolean value="true" />
      </extension>
      <path value="Patient.extension.valueQuantity.unit" />
      <code>
        <system value="http://unitsofmeasure.org" />
        <code value="a | mo | wk | d | h | min" />
        <display value="a | mo | wk | d | h | min" />
      </code>
      <type>
        <code value="string" />
        <profile value="http://hl7.org/fhir/StructureDefinition/string" />
      </type>
      <fixedString value="0" />
    </element>
    <element id="Patient.active">
      <path value="Patient.active" />
      <type>
        <code value="boolean" />
        <profile value="http://hl7.org/fhir/StructureDefinition/boolean" />
      </type>
    </element>
    <element id="Patient.name.use">
      <path value="Patient.name.use" />
      <type>
        <code value="code" />
        <profile value="http://hl7.org/fhir/StructureDefinition/code" />
      </type>
      <fixedCode value="usual | official | temp | nickname | anonymous | old | maiden" />
    </element>
    <element id="Patient.name.text">
      <path value="Patient.name.text" />
      <type>
        <code value="string" />
        <profile value="http://hl7.org/fhir/StructureDefinition/string" />
      </type>
    </element>
    <element id="Patient.name.family">
      <path value="Patient.name.family" />
      <type>
        <code value="string" />
        <profile value="http://hl7.org/fhir/StructureDefinition/string" />
      </type>
    </element>
    <element id="Patient.name.given">
      <path value="Patient.name.given" />
      <type>
        <code value="string" />
        <profile value="http://hl7.org/fhir/StructureDefinition/string" />
      </type>
    </element>
    <element id="Patient.telecom.system">
      <path value="Patient.telecom.system" />
      <type>
        <code value="code" />
        <profile value="http://hl7.org/fhir/StructureDefinition/code" />
      </type>
      <fixedCode value="phone | fax | email | pager | url | sms | other" />
    </element>
    <element id="Patient.telecom.value">
      <path value="Patient.telecom.value" />
      <type>
        <code value="string" />
        <profile value="http://hl7.org/fhir/StructureDefinition/string" />
      </type>
    </element>
    <element id="Patient.gender">
      <path value="Patient.gender" />
      <type>
        <code value="code" />
        <profile value="http://hl7.org/fhir/StructureDefinition/code" />
      </type>
      <fixedCode value="male | female | other | unknown" />
    </element>
    <element id="Patient.birthDate">
      <path value="Patient.birthDate" />
      <type>
        <code value="date" />
        <profile value="http://hl7.org/fhir/StructureDefinition/date" />
      </type>
    </element>
    <element id="Patient.deceased[x]:deceasedDateTime">
      <path value="Patient.deceasedDateTime" />
      <sliceName value="deceasedDateTime" />
      <type>
        <code value="dateTime" />
        <profile value="http://hl7.org/fhir/StructureDefinition/dateTime" />
      </type>
    </element>
    <element id="Patient.maritalStatus.coding">
      <path value="Patient.maritalStatus.coding" />
      <type>
        <code value="Coding" />
        <profile value="http://hl7.org/fhir/StructureDefinition/Coding" />
      </type>
    </element>
    <element id="Patient.maritalStatus.text">
      <extension url="http://hl7.org/fhir/StructureDefinition/elementdefinition-translatable">
        <valueBoolean value="true" />
      </extension>
      <path value="Patient.maritalStatus.text" />
      <type>
        <code value="string" />
        <profile value="http://hl7.org/fhir/StructureDefinition/string" />
      </type>
    </element>
    <element id="Patient.multipleBirth[x]:multipleBirthInteger">
      <path value="Patient.multipleBirthInteger" />
      <sliceName value="multipleBirthInteger" />
      <type>
        <code value="integer" />
        <profile value="http://hl7.org/fhir/StructureDefinition/integer" />
      </type>
    </element>
  </differential>
</StructureDefinition>