﻿<?xml version="1.0" encoding="utf-8"?>
<StructureDefinition xmlns="http://hl7.org/fhir">
  <id value="FHIR-STU3-Observation.blood_pressure.v0" />
  <meta>
    <lastUpdated value="2018-02-18T00:41:20.672+01:00" />
  </meta>
  <url value="https://tools.cambiocds.com/FHIR/StructureDefinition/FHIR-STU3-Observation.blood_pressure.v0" />
  <name value="org.hl7.fhir.dstu3.model.Observation" />
  <status value="draft" />
  <date value="2017-12-13T11:51:00.646+01:00" />
  <fhirVersion value="3.0.1" />
  <kind value="resource" />
  <abstract value="false" />
  <type value="Observation" />
  <baseDefinition value="http://hl7.org/fhir/StructureDefinition/Observation" />
  <derivation value="constraint" />
  <differential>
    <element id="Observation.status">
      <extension url="http://hl7.org/fhir/StructureDefinition/structuredefinition-display-hint">
        <valueString value="default: final" />
      </extension>
      <path value="Observation.status" />
      <type>
        <code value="code" />
        <profile value="http://hl7.org/fhir/StructureDefinition/code" />
      </type>
      <fixedCode value="registered | preliminary | final | amended | corrected | cancelled | entered-in-error | unknown" />
    </element>
    <element id="Observation.code.coding">
      <path value="Observation.code.coding" />
      <type>
        <code value="Coding" />
        <profile value="http://hl7.org/fhir/StructureDefinition/Coding" />
      </type>
    </element>
    <element id="Observation.code.text">
      <extension url="http://hl7.org/fhir/StructureDefinition/elementdefinition-translatable">
        <valueBoolean value="true" />
      </extension>
      <path value="Observation.code.text" />
      <type>
        <code value="string" />
        <profile value="http://hl7.org/fhir/StructureDefinition/string" />
      </type>
    </element>
    <element id="Observation.effectiveDateTime:effectiveDateTime">
      <path value="Observation.effectiveDateTime" />
      <sliceName value="effectiveDateTime" />
      <type>
        <code value="dateTime" />
        <profile value="http://hl7.org/fhir/StructureDefinition/dateTime" />
      </type>
    </element>
    <element id="Observation.comment">
      <path value="Observation.comment" />
      <type>
        <code value="string" />
        <profile value="http://hl7.org/fhir/StructureDefinition/string" />
      </type>
    </element>
    <element id="Observation.component">
      <path value="Observation.component" />
      <slicing>
        <discriminator>
          <type value="value" />
          <path value="code.coding.code" />
        </discriminator>
        <rules value="open" />
      </slicing>
    </element>
    <element id="Observation.component:SystolicBloodPressure">
      <path value="Observation.component" />
      <sliceName value="SystolicBloodPressure" />
    </element>
    <element id="Observation.component:SystolicBloodPressure.code.coding">
      <path value="Observation.component.code.coding" />
      <type>
        <code value="Coding" />
        <profile value="http://hl7.org/fhir/StructureDefinition/Coding" />
      </type>
    </element>
    <element id="Observation.component:SystolicBloodPressure.code.text">
      <extension url="http://hl7.org/fhir/StructureDefinition/elementdefinition-translatable">
        <valueBoolean value="true" />
      </extension>
      <path value="Observation.component.code.text" />
      <type>
        <code value="string" />
        <profile value="http://hl7.org/fhir/StructureDefinition/string" />
      </type>
    </element>
    <element id="Observation.component:SystolicBloodPressure.valueQuantity:valueQuantity">
      <path value="Observation.component.valueQuantity" />
      <sliceName value="valueQuantity" />
      <type>
        <code value="Quantity" />
        <profile value="http://hl7.org/fhir/StructureDefinition/Quantity" />
      </type>
    </element>
    <element id="Observation.component:SystolicBloodPressure.valueQuantity:valueQuantity.unit">
      <extension url="http://hl7.org/fhir/StructureDefinition/elementdefinition-translatable">
        <valueBoolean value="true" />
      </extension>
      <path value="Observation.component.valueQuantity.unit" />
      <code>
        <system value="http://unitsofmeasure.org" />
        <code value="mm[Hg]" />
        <display value="mm[Hg]" />
      </code>
      <type>
        <code value="string" />
        <profile value="http://hl7.org/fhir/StructureDefinition/string" />
      </type>
      <fixedString value="0" />
    </element>
    <element id="Observation.component:DiastolicBloodPressure">
      <path value="Observation.component" />
      <sliceName value="DiastolicBloodPressure" />
    </element>
    <element id="Observation.component:DiastolicBloodPressure.code.coding">
      <path value="Observation.component.code.coding" />
      <type>
        <code value="Coding" />
        <profile value="http://hl7.org/fhir/StructureDefinition/Coding" />
      </type>
    </element>
    <element id="Observation.component:DiastolicBloodPressure.code.text">
      <extension url="http://hl7.org/fhir/StructureDefinition/elementdefinition-translatable">
        <valueBoolean value="true" />
      </extension>
      <path value="Observation.component.code.text" />
      <type>
        <code value="string" />
        <profile value="http://hl7.org/fhir/StructureDefinition/string" />
      </type>
    </element>
    <element id="Observation.component:DiastolicBloodPressure.valueQuantity:valueQuantity">
      <path value="Observation.component.valueQuantity" />
      <sliceName value="valueQuantity" />
      <type>
        <code value="Quantity" />
        <profile value="http://hl7.org/fhir/StructureDefinition/Quantity" />
      </type>
    </element>
    <element id="Observation.component:DiastolicBloodPressure.valueQuantity:valueQuantity.unit">
      <extension url="http://hl7.org/fhir/StructureDefinition/elementdefinition-translatable">
        <valueBoolean value="true" />
      </extension>
      <path value="Observation.component.valueQuantity.unit" />
      <code>
        <system value="http://unitsofmeasure.org" />
        <code value="mm[Hg]" />
        <display value="mm[Hg]" />
      </code>
      <type>
        <code value="string" />
        <profile value="http://hl7.org/fhir/StructureDefinition/string" />
      </type>
      <fixedString value="0" />
    </element>
  </differential>
</StructureDefinition>