﻿<?xml version="1.0" encoding="utf-8"?>
<StructureDefinition xmlns="http://hl7.org/fhir">
  <id value="FHIR-STU3-Condition.problem_diagnosis.v0" />
  <meta>
    <lastUpdated value="2018-02-28T10:20:47.958+01:00" />
  </meta>
  <url value="https://tools.cambiocds.com/FHIR/StructureDefinition/FHIR-STU3-Condition.problem_diagnosis.v0" />
  <name value="org.hl7.fhir.dstu3.model.Condition" />
  <status value="draft" />
  <date value="2017-12-13T12:34:12.126+01:00" />
  <fhirVersion value="3.0.1" />
  <kind value="resource" />
  <abstract value="false" />
  <type value="Condition" />
  <baseDefinition value="http://hl7.org/fhir/StructureDefinition/Condition" />
  <derivation value="constraint" />
  <differential>
    <element id="Condition.clinicalStatus">
      <path value="Condition.clinicalStatus" />
      <type>
        <code value="code" />
        <profile value="http://hl7.org/fhir/StructureDefinition/code" />
      </type>
      <fixedCode value="active | recurrence | inactive | remission | resolved" />
    </element>
    <element id="Condition.verificationStatus">
      <path value="Condition.verificationStatus" />
      <type>
        <code value="code" />
        <profile value="http://hl7.org/fhir/StructureDefinition/code" />
      </type>
      <fixedCode value="provisional | differential | confirmed | refuted | entered-in-error | unknown" />
    </element>
    <element id="Condition.code.coding">
      <path value="Condition.code.coding" />
      <type>
        <code value="Coding" />
        <profile value="http://hl7.org/fhir/StructureDefinition/Coding" />
      </type>
    </element>
    <element id="Condition.code.text">
      <extension url="http://hl7.org/fhir/StructureDefinition/elementdefinition-translatable">
        <valueBoolean value="true" />
      </extension>
      <path value="Condition.code.text" />
      <type>
        <code value="string" />
        <profile value="http://hl7.org/fhir/StructureDefinition/string" />
      </type>
    </element>
    <element id="Condition.bodySite.coding">
      <path value="Condition.bodySite.coding" />
      <type>
        <code value="Coding" />
        <profile value="http://hl7.org/fhir/StructureDefinition/Coding" />
      </type>
    </element>
    <element id="Condition.onset[x]:onsetDateTime">
      <path value="Condition.onsetDateTime" />
      <sliceName value="onsetDateTime" />
      <type>
        <code value="dateTime" />
        <profile value="http://hl7.org/fhir/StructureDefinition/dateTime" />
      </type>
    </element>
    <element id="Condition.assertedDate">
      <path value="Condition.assertedDate" />
      <type>
        <code value="dateTime" />
        <profile value="http://hl7.org/fhir/StructureDefinition/dateTime" />
      </type>
    </element>
  </differential>
</StructureDefinition>