﻿<?xml version="1.0" encoding="utf-8"?>
<StructureDefinition xmlns="http://hl7.org/fhir">
  <id value="FHIR-STU3-MedicationStatement.generic.v0" />
  <meta>
    <lastUpdated value="2018-02-28T10:16:47.966+01:00" />
  </meta>
  <url value="https://tools.cambiocds.com/FHIR/StructureDefinition/FHIR-STU3-MedicationStatement.generic.v0" />
  <name value="org.hl7.fhir.dstu3.model.MedicationStatement" />
  <status value="draft" />
  <date value="2017-12-13T16:21:44.773+01:00" />
  <fhirVersion value="3.0.1" />
  <kind value="resource" />
  <abstract value="false" />
  <type value="MedicationStatement" />
  <baseDefinition value="http://hl7.org/fhir/StructureDefinition/MedicationStatement" />
  <derivation value="constraint" />
  <differential>
    <element id="MedicationStatement.status">
      <path value="MedicationStatement.status" />
      <type>
        <code value="code" />
        <profile value="http://hl7.org/fhir/StructureDefinition/code" />
      </type>
      <fixedCode value="active | completed | entered-in-error | intended | stopped | on-hold" />
    </element>
    <element id="MedicationStatement.medicationCodeableConcept:medicationCodeableConcept">
      <path value="MedicationStatement.medicationCodeableConcept" />
      <sliceName value="medicationCodeableConcept" />
      <type>
        <code value="CodeableConcept" />
      </type>
    </element>
    <element id="MedicationStatement.medicationCodeableConcept:medicationCodeableConcept.coding">
      <path value="MedicationStatement.medicationCodeableConcept.coding" />
      <type>
        <code value="Coding" />
        <profile value="http://hl7.org/fhir/StructureDefinition/Coding" />
      </type>
    </element>
    <element id="MedicationStatement.medicationCodeableConcept:medicationCodeableConcept.text">
      <extension url="http://hl7.org/fhir/StructureDefinition/elementdefinition-translatable">
        <valueBoolean value="true" />
      </extension>
      <path value="MedicationStatement.medicationCodeableConcept.text" />
      <type>
        <code value="string" />
        <profile value="http://hl7.org/fhir/StructureDefinition/string" />
      </type>
    </element>
    <element id="MedicationStatement.effectivePeriod:effectivePeriod">
      <path value="MedicationStatement.effectivePeriod" />
      <sliceName value="effectivePeriod" />
      <type>
        <code value="Period" />
      </type>
    </element>
    <element id="MedicationStatement.effectivePeriod:effectivePeriod.start">
      <path value="MedicationStatement.effectivePeriod.start" />
      <type>
        <code value="dateTime" />
        <profile value="http://hl7.org/fhir/StructureDefinition/dateTime" />
      </type>
    </element>
    <element id="MedicationStatement.effectivePeriod:effectivePeriod.end">
      <path value="MedicationStatement.effectivePeriod.end" />
      <type>
        <code value="dateTime" />
        <profile value="http://hl7.org/fhir/StructureDefinition/dateTime" />
      </type>
    </element>
    <element id="MedicationStatement.dateAsserted">
      <path value="MedicationStatement.dateAsserted" />
      <type>
        <code value="dateTime" />
        <profile value="http://hl7.org/fhir/StructureDefinition/dateTime" />
      </type>
    </element>
    <element id="MedicationStatement.dosage.text">
      <path value="MedicationStatement.dosage.text" />
      <type>
        <code value="string" />
        <profile value="http://hl7.org/fhir/StructureDefinition/string" />
      </type>
    </element>
    <element id="MedicationStatement.dosage.timing.code.coding">
      <path value="MedicationStatement.dosage.timing.code.coding" />
      <type>
        <code value="Coding" />
        <profile value="http://hl7.org/fhir/StructureDefinition/Coding" />
      </type>
    </element>
    <element id="MedicationStatement.dosage.timing.code.text">
      <extension url="http://hl7.org/fhir/StructureDefinition/elementdefinition-translatable">
        <valueBoolean value="true" />
      </extension>
      <path value="MedicationStatement.dosage.timing.code.text" />
      <type>
        <code value="string" />
        <profile value="http://hl7.org/fhir/StructureDefinition/string" />
      </type>
    </element>
    <element id="MedicationStatement.dosage.doseQuantity:doseQuantity">
      <path value="MedicationStatement.dosage.doseQuantity" />
      <sliceName value="doseQuantity" />
      <type>
        <code value="Quantity" />
        <profile value="http://hl7.org/fhir/StructureDefinition/SimpleQuantity" />
      </type>
    </element>
    <element id="MedicationStatement.dosage.doseQuantity:doseQuantity.unit">
      <extension url="http://hl7.org/fhir/StructureDefinition/elementdefinition-translatable">
        <valueBoolean value="true" />
      </extension>
      <path value="MedicationStatement.dosage.doseQuantity.unit" />
      <code>
        <system value="http://unitsofmeasure.org" />
        <code value="mg | g | ug" />
        <display value="mg | g | ug" />
      </code>
      <type>
        <code value="string" />
        <profile value="http://hl7.org/fhir/StructureDefinition/string" />
      </type>
      <fixedString value="0" />
    </element>
  </differential>
</StructureDefinition>