<?xml version="1.0" encoding="utf-8"?>
<StructureDefinition xmlns="http://hl7.org/fhir">
  <id value="FHIR-STU3-FamilyMemberHistory.generic.v0" />
  <url value="http://example.org/fhir/StructureDefinition/MyFamilyMemberHistory" />
  <name value="org.hl7.fhir.dstu3.model.FamilyMemberHistory" />
  <status value="draft" />
  <fhirVersion value="3.0.1" />
  <kind value="resource" />
  <abstract value="false" />
  <type value="FamilyMemberHistory" />
  <baseDefinition value="http://hl7.org/fhir/StructureDefinition/FamilyMemberHistory" />
  <derivation value="constraint" />
  <differential>
    <element id="FamilyMemberHistory.status">
      <path value="FamilyMemberHistory.status" />
      <type>
        <code value="code" />
        <profile value="http://hl7.org/fhir/StructureDefinition/code" />
      </type>
      <fixedCode value="partial | completed | entered-in-error | health-unknown" />
    </element>
    <element id="FamilyMemberHistory.date">
      <path value="FamilyMemberHistory.date" />
      <type>
        <code value="dateTime" />
        <profile value="http://hl7.org/fhir/StructureDefinition/dateTime" />
      </type>
    </element>
    <element id="FamilyMemberHistory.gender">
      <path value="FamilyMemberHistory.gender" />
      <type>
        <code value="code" />
        <profile value="http://hl7.org/fhir/StructureDefinition/code" />
      </type>
      <fixedCode value="male | female | other | unknown" />
    </element>
    <element id="FamilyMemberHistory.born[x]:bornDate">
      <path value="FamilyMemberHistory.bornDate" />
      <sliceName value="bornDate" />
      <type>
        <code value="date" />
        <profile value="http://hl7.org/fhir/StructureDefinition/dateTime" />
      </type>
    </element>
    <element id="FamilyMemberHistory.deceased[x]:deceasedBoolean">
      <path value="FamilyMemberHistory.deceasedBoolean" />
      <sliceName value="deceasedBoolean" />
      <type>
        <code value="boolean" />
        <profile value="http://hl7.org/fhir/StructureDefinition/boolean" />
      </type>
    </element>
    <element id="FamilyMemberHistory.condition.code.coding">
      <path value="FamilyMemberHistory.condition.code.coding" />
      <type>
        <code value="Coding" />
        <profile value="http://hl7.org/fhir/StructureDefinition/Coding" />
      </type>
    </element>
    <element id="FamilyMemberHistory.condition.code.text">
      <extension url="http://hl7.org/fhir/StructureDefinition/elementdefinition-translatable">
        <valueBoolean value="true" />
      </extension>
      <path value="FamilyMemberHistory.condition.code.text" />
      <type>
        <code value="string" />
        <profile value="http://hl7.org/fhir/StructureDefinition/string" />
      </type>
    </element>
    <element id="FamilyMemberHistory.condition.onset[x]:onsetAge">
      <path value="FamilyMemberHistory.condition.onsetAge" />
      <sliceName value="onsetAge" />
      <type>
        <code value="Age" />
        <profile value="http://hl7.org/fhir/StructureDefinition/Quantity" />
      </type>
    </element>
    <element id="FamilyMemberHistory.condition.onset[x]:onsetAge.unit">
      <extension url="http://hl7.org/fhir/StructureDefinition/elementdefinition-translatable">
        <valueBoolean value="true" />
      </extension>
      <path value="FamilyMemberHistory.condition.onsetAge.unit" />
      <code>
        <system value="http://unitsofmeasure.org" />
        <code value="a | mo | wk | d | h | min" />
        <display value="a | mo | wk | d | h | min" />
      </code>
      <type>
        <code value="string" />
        <profile value="http://hl7.org/fhir/StructureDefinition/string" />
      </type>
      <fixedString value="0" />
    </element>
  </differential>
</StructureDefinition>