﻿<?xml version="1.0" encoding="utf-8"?>
<StructureDefinition xmlns="http://hl7.org/fhir">
  <id value="FHIR-STU3-Observation.albumin_creatinine_ratio.v0" />
  <meta>
    <lastUpdated value="2018-03-07T14:12:28.719+01:00" />
  </meta>
  <url value="https://tools.cambiocds.com/FHIR/StructureDefinition/FHIR-STU3-Observation.albumin_creatinine_ratio.v0" />
  <name value="org.hl7.fhir.dstu3.model.Observation" />
  <status value="draft" />
  <date value="2018-03-07T11:51:27.754+01:00" />
  <fhirVersion value="3.0.1" />
  <kind value="resource" />
  <abstract value="false" />
  <type value="Observation" />
  <baseDefinition value="http://hl7.org/fhir/StructureDefinition/Observation" />
  <derivation value="constraint" />
  <differential>
    <element id="Observation.status">
      <extension url="http://hl7.org/fhir/StructureDefinition/structuredefinition-display-hint">
        <valueString value="default: final" />
      </extension>
      <path value="Observation.status" />
      <type>
        <code value="code" />
        <profile value="http://hl7.org/fhir/StructureDefinition/code" />
      </type>
      <fixedCode value="registered | preliminary | final | amended | corrected | cancelled | entered-in-error | unknown" />
    </element>
    <element id="Observation.code.coding">
      <path value="Observation.code.coding" />
      <type>
        <code value="Coding" />
        <profile value="http://hl7.org/fhir/StructureDefinition/Coding" />
      </type>
    </element>
    <element id="Observation.code.text">
      <extension url="http://hl7.org/fhir/StructureDefinition/elementdefinition-translatable">
        <valueBoolean value="true" />
      </extension>
      <path value="Observation.code.text" />
      <type>
        <code value="string" />
        <profile value="http://hl7.org/fhir/StructureDefinition/string" />
      </type>
    </element>
    <element id="Observation.effectiveDateTime:effectiveDateTime">
      <path value="Observation.effectiveDateTime" />
      <sliceName value="effectiveDateTime" />
      <type>
        <code value="dateTime" />
        <profile value="http://hl7.org/fhir/StructureDefinition/dateTime" />
      </type>
    </element>
    <element id="Observation.valueQuantity:valueQuantity">
      <path value="Observation.valueQuantity" />
      <sliceName value="valueQuantity" />
      <type>
        <code value="Quantity" />
        <profile value="http://hl7.org/fhir/StructureDefinition/Quantity" />
      </type>
    </element>
    <element id="Observation.valueQuantity:valueQuantity.unit">
      <extension url="http://hl7.org/fhir/StructureDefinition/elementdefinition-translatable">
        <valueBoolean value="true" />
      </extension>
      <path value="Observation.valueQuantity.unit" />
      <code>
        <system value="http://unitsofmeasure.org" />
        <code value="ug/mg | mg/g | mg/mmol | mg/mmol{creat} | g/mol" />
        <display value="ug/mg | mg/g | mg/mmol | mg/mmol{creat} | g/mol" />
      </code>
      <type>
        <code value="string" />
        <profile value="http://hl7.org/fhir/StructureDefinition/string" />
      </type>
      <fixedString value="1" />
    </element>
    <element id="Observation.comment">
      <path value="Observation.comment" />
      <type>
        <code value="string" />
        <profile value="http://hl7.org/fhir/StructureDefinition/string" />
      </type>
    </element>
  </differential>
</StructureDefinition>