<?xml version="1.0" encoding="utf-8"?>
<StructureDefinition xmlns="http://hl7.org/fhir">
  <id value="FHIR-STU3-Goal.generic.v0" />
  <meta>
    <lastUpdated value="2018-02-19T11:08:36.14+01:00" />
  </meta>
  <url value="https://tools.cambiocds.com/FHIR/StructureDefinition/FHIR-STU3-Goal.generic.v0" />
  <name value="org.hl7.fhir.dstu3.model.Goal" />
  <status value="draft" />
  <date value="2017-12-19T17:14:51.435+01:00" />
  <fhirVersion value="3.0.1" />
  <kind value="resource" />
  <abstract value="false" />
  <type value="Goal" />
  <baseDefinition value="http://hl7.org/fhir/StructureDefinition/Goal" />
  <derivation value="constraint" />
  <differential>
    <element id="Goal.status">
      <path value="Goal.status" />
      <type>
        <code value="code" />
        <profile value="http://hl7.org/fhir/StructureDefinition/code" />
      </type>
      <fixedCode value="proposed | accepted | planned | in-progress | on-target | ahead-of-target | behind-target | sustaining | achieved | on-hold | cancelled | entered-in-error | rejected" />
    </element>
    <element id="Goal.category.coding">
      <path value="Goal.category.coding" />
      <type>
        <code value="Coding" />
        <profile value="http://hl7.org/fhir/StructureDefinition/Coding" />
      </type>
    </element>
    <element id="Goal.category.text">
      <extension url="http://hl7.org/fhir/StructureDefinition/elementdefinition-translatable">
        <valueBoolean value="true" />
      </extension>
      <path value="Goal.category.text" />
      <type>
        <code value="string" />
        <profile value="http://hl7.org/fhir/StructureDefinition/string" />
      </type>
    </element>
    <element id="Goal.description.coding">
      <path value="Goal.description.coding" />
      <type>
        <code value="Coding" />
        <profile value="http://hl7.org/fhir/StructureDefinition/Coding" />
      </type>
    </element>
    <element id="Goal.description.text">
      <extension url="http://hl7.org/fhir/StructureDefinition/elementdefinition-translatable">
        <valueBoolean value="true" />
      </extension>
      <path value="Goal.description.text" />
      <type>
        <code value="string" />
        <profile value="http://hl7.org/fhir/StructureDefinition/string" />
      </type>
    </element>
    <element id="Goal.startDate:startDate">
      <path value="Goal.startDate" />
      <sliceName value="startDate" />
      <type>
        <code value="date" />
        <profile value="http://hl7.org/fhir/StructureDefinition/date" />
      </type>
    </element>
    <element id="Goal.target.measure.coding">
      <path value="Goal.target.measure.coding" />
      <type>
        <code value="Coding" />
        <profile value="http://hl7.org/fhir/StructureDefinition/Coding" />
      </type>
    </element>
    <element id="Goal.target.measure.text">
      <extension url="http://hl7.org/fhir/StructureDefinition/elementdefinition-translatable">
        <valueBoolean value="true" />
      </extension>
      <path value="Goal.target.measure.text" />
      <type>
        <code value="string" />
        <profile value="http://hl7.org/fhir/StructureDefinition/string" />
      </type>
    </element>
    <element id="Goal.target.dueDate:dueDate">
      <path value="Goal.target.dueDate" />
      <sliceName value="dueDate" />
      <type>
        <code value="date" />
        <profile value="http://hl7.org/fhir/StructureDefinition/date" />
      </type>
    </element>
  </differential>
</StructureDefinition>