﻿<?xml version="1.0" encoding="utf-8"?>
<StructureDefinition xmlns="http://hl7.org/fhir">
  <id value="FHIR-STU3-ReferralRequest.generic.v0" />
  <meta>
    <lastUpdated value="2018-03-01T15:57:35.715+01:00" />
  </meta>
  <url value="https://tools.cambiocds.com/FHIR/StructureDefinition/FHIR-STU3-ReferralRequest.generic.v0" />
  <name value="org.hl7.fhir.dstu3.model.ReferralRequest" />
  <status value="draft" />
  <date value="2018-02-27T15:58:19.753+01:00" />
  <fhirVersion value="3.0.1" />
  <kind value="resource" />
  <abstract value="false" />
  <type value="ReferralRequest" />
  <baseDefinition value="http://hl7.org/fhir/StructureDefinition/ReferralRequest" />
  <derivation value="constraint" />
  <differential>
    <element id="ReferralRequest.status">
      <path value="ReferralRequest.status" />
      <type>
        <code value="code" />
        <profile value="http://hl7.org/fhir/StructureDefinition/code" />
      </type>
      <fixedCode value="draft | active | suspended | cancelled | completed | entered-in-error | unknown" />
    </element>
    <element id="ReferralRequest.intent">
      <path value="ReferralRequest.intent" />
      <type>
        <code value="code" />
        <profile value="http://hl7.org/fhir/StructureDefinition/code" />
      </type>
      <fixedCode value="proposal | plan | order" />
    </element>
    <element id="ReferralRequest.authoredOn">
      <path value="ReferralRequest.authoredOn" />
      <type>
        <code value="dateTime" />
        <profile value="http://hl7.org/fhir/StructureDefinition/dateTime" />
      </type>
    </element>
    <element id="ReferralRequest.specialty.coding">
      <path value="ReferralRequest.specialty.coding" />
      <type>
        <code value="Coding" />
        <profile value="http://hl7.org/fhir/StructureDefinition/Coding" />
      </type>
    </element>
    <element id="ReferralRequest.specialty.text">
      <extension url="http://hl7.org/fhir/StructureDefinition/elementdefinition-translatable">
        <valueBoolean value="true" />
      </extension>
      <path value="ReferralRequest.specialty.text" />
      <type>
        <code value="string" />
        <profile value="http://hl7.org/fhir/StructureDefinition/string" />
      </type>
    </element>
    <element id="ReferralRequest.description">
      <path value="ReferralRequest.description" />
      <type>
        <code value="string" />
        <profile value="http://hl7.org/fhir/StructureDefinition/string" />
      </type>
    </element>
  </differential>
</StructureDefinition>